Airline ID,Name,Alias,IATA/IACO,Callsign,Country
3,1Time Airline,,1T,NEXTIME,South Africa
10,40-Mile Air,,Q5,MILE-AIR,United States
13,Ansett Australia,,AN,ANSETT,Australia
14,Abacus International,,1B,,Singapore
21,Aigle Azur,,ZI,AIGLE AZUR,France
22,Aloha Airlines,,AQ,ALOHA,United States
24,American Airlines,,AA,AMERICAN,United States
28,Asiana Airlines,,OZ,ASIANA,Republic of Korea
29,Askari Aviation,,4K,AL-AAS,Pakistan
32,Afriqiyah Airways,,8U,AFRIQIYAH,Libya
35,Allegiant Air,,G4,ALLEGIANT,United States
42,ABSA - Aerolinhas Brasileiras,,M3,ABSA Cargo,Brazil
55,Astral Aviation,,8V,ASTRAL CARGO,Kenya
68,Air Tindi,,8T,,Canadian Territories
72,Ada Air,,ZY,ADA AIR,Albania
83,Adria Airways,,JP,ADRIA,Slovenia
90,Air Europa,,UX,EUROPA,Spain
93,Aero Benin,,EM,AEROBEN,Benin
96,Aegean Airlines,,A3,AEGEAN,Greece
106,Air Europe,,PE,AIR EUROPE,Italy
109,Alaska Central Express,,KO,ACE AIR,United States
110,ACES Colombia,,AES,ACES,Colombia
112,Astraeus,,5W,FLYSTAR,United Kingdom
114,Aerosvit Airlines,,VV,AEROSVIT,Ukraine
116,Air Italy,,I9,AIR ITALY,Italy
120,Alliance Airlines,,QQ,UNITY,Australia
125,Ariana Afghan Airlines,,FG,ARIANA,Afghanistan
130,Aeroflot Russian Airlines,,SU,AEROFLOT,Russia
132,Air Bosna,,JA,AIR BOSNA,Bosnia and Herzegovina
137,Air France,,AF,AIRFRANS,France
139,Air Caledonie International,,SB,AIRCALIN,France
146,Air Salone,,2O,,Sierra Leone
149,Air Cargo Carriers,,2Q,NIGHT CARGO,United States
153,Air Namibia,,SW,NAMIBIA,Namibia
165,Aerolitoral,,5D,COSTERA,Mexico
174,Air Glaciers,,7T,AIR GLACIERS,Switzerland
176,Aviogenex,,AGX,GENEX,Serbia
179,Aeroper,,PL,Aeroperu,Peru
180,Atlas Blue,,8A,ATLAS BLUE,Morocco
197,Azerbaijan Airlines,,J2,AZAL,Azerbaijan
198,Avies,,U3,AVIES,Estonia
208,Airblue,,ED,PAKBLUE,Pakistan
210,Airlift International,,AIR,AIRLIFT,United States
214,Air Berlin,,AB,AIR BERLIN,Germany
218,Air India Limited,,AI,AIRINDIA,India
220,Air Bourbon,,ZB,BOURBON,Reunion
221,Air Atlanta Icelandic,,CC,ATLANTA,Iceland
225,Air Tahiti Nui,,TN,TAHITI AIRLINES,France
231,Arkia Israel Airlines,,IZ,ARKIA,Israel
239,Air Jamaica,,JM,JAMAICA,Jamaica
240,Air One,,AP,HERON,Italy
241,Air Sahara,,S2,SAHARA,India
242,Air Malta,,KM,AIR MALTA,Malta
250,Air Japan,,NQ,AIR JAPAN,Japan
252,Air Korea Co. Ltd.,,AKA,,Republic of Korea
263,Air Kiribati,,4A,,Kiribati
281,America West Airlines,,HP,CACTUS,United States
282,Air Wisconsin,,ZW,AIR WISCONSIN,United States
286,Tatarstan Airlines,,U9,TATARSTAN,Russia
287,Allegheny Commuter Airlines,,ALO,ALLEGHENY,United States
295,Air Sunshine,,RSI,AIR SUNSHINE,United States
299,Air Libert,,VD,,France
306,Air Malawi,,QM,MALAWI,Malawi
312,Air Sicilia,,BM,,Italy
315,ATA Airlines,,AMT,AMTRAN,United States
316,Air Macau,,NX,AIR MACAO,Macao
317,AMC Airlines,,AMV,,Egypt
319,Air Seychelles,,HM,SEYCHELLES,Seychelles
321,AeroMéxico,,AM,AEROMEXICO,Mexico
324,All Nippon Airways,ANA All Nippon Airways,NH,ALL NIPPON,Japan
327,Air Nostrum,,YW,AIR NOSTRUM,Spain
328,Air Niugini,,PX,NUIGINI,Papua New Guinea
329,Air Arabia,,G9,ARABIA,United Arab Emirates
330,Air Canada,,AC,AIR CANADA,Canada
333,Air Baltic,,BT,AIRBALTIC,Latvia
336,Air Nippon,,EL,ANK AIR,Japan
338,Airnorth,,TL,TOPEND,Australia
341,Air North Charter - Canada,,4N,AIR NORTH,Canada
345,Air New Zealand,,NZ,NEW ZEALAND,New Zealand
371,Alitalia Express,,XM,ALIEXPRESS,Italy
386,Aero Flight,,GV,Aero Fox,Germany
397,Arrow Air,,JW,BIG A,United States
410,Aerocondor,,2B,AEROCONDOR,Portugal
411,Aires,,4C, Aerovias de Integracion Regional, S.A.
412,Aerolineas Argentinas,,AR,ARGENTINA,Argentina
439,Alaska Airlines,,AS, Inc.,ALASKA
442,Air Sinai,,4D,AIR SINAI,Egypt
452,Atlantic Southeast Airlines,,EV,ACEY,United States
462,Astrakhan Airlines,,OB,AIR ASTRAKHAN,Russia
465,Air Tanzania,,TC,TANZANIA,Tanzania
470,Air Burkina,,2J,BURKINA,Burkina Faso
476,Airlines Of Tasmania,,FO,AIRTAS,Australia
477,Air Saint Pierre,,PJ,,France
491,Austrian Airlines,,OS,AUSTRIAN,Austria
492,Air Southwest,,WOW,SWALLOW,United Kingdom
493,Augsburg Airways,,IQ,AUGSBURG-AIR,Germany
497,ATUR,,TUR,,Ecuador
502,Abu Dhabi Amiri Flight,,MO,SULTAN,United Arab Emirates
503,Aeroflot-Nord,,5N,DVINA,Russia
508,Aurigny Air Services,,GR,AYLINE,United Kingdom
510,Austral Lineas Aereas,,AU,AUSTRAL,Argentina
515,Avianca - Aerovias Nacionales de Colombia,,AV, S.A.,AVIANCA
524,Air Vanuatu,,NF,AIR VAN,Vanuatu
543,Air Bangladesh,,B9,AIR BANGLA,Bangladesh
547,Air Mediterranee,,DR,MEDITERRANEE,France
551,Air Moorea,,TAH,AIR MOOREA,France
563,Aeroline GmbH,,7E,SYLT-AIR,Germany
565,Air Wales,,6G,RED DRAGON,United Kingdom
567,Air Caraïbes,,TX,FRENCH WEST,France
569,Air India Express,,IX,EXPRESS INDIA,India
575,Air Exel,,XT,EXEL COMMUTER,Netherlands
576,AirAsia,Air Asia,AK,ASIAN EXPRESS,Malaysia
595,Atlant-Soyuz Airlines,,3G,ATLANT-SOYUZ,Russia
596,Alitalia,,AZ,ALITALIA,Italy
603,Amaszonas,,Z8,,Bolivia
608,Air Zimbabwe,,UM,AIR ZIMBABWE,Zimbabwe
622,Aserca Airlines,,R7,AROSCA,Venezuela
641,Rossiya-Russian Airlines,Pulkovo Aviation Enterprise,FV,PULKOVO,Russia
659,American Eagle Airlines,,MQ,EAGLE FLIGHT,United States
665,AD Aviation,,VUE,FLIGHTVUE,United Kingdom
682,Air Ivoire,,VU,AIRIVOIRE,Ivory Coast
683,Air Botswana,,BP,BOTSWANA,Botswana
690,Air Foyle,,GS,FOYLE,United Kingdom
692,Air Tahiti,,VT,AIR TAHITI,French Polynesia
695,Air VIA,,VL,,Bulgaria
715,Africa West,,FK,WEST TOGO,Togo
724,ATRAN Cargo Airlines,,V8,ATRAN,Russian Federation
751,Air China,,CA,AIR CHINA,China
753,Aero Condor Peru,,Q6,CONDOR-PERU,Peru
787,Air Chathams,,CV,CHATHAM,New Zealand
788,Air Marshall Islands,,CW,AIR MARSHALLS,Marshall Islands
792,Access Air,,ZA,CYCLONE,United States
794,Air Algerie,,AH,AIR ALGERIE,Algeria
800,Adam Air,,KI,ADAM SKY,Indonesia
807,Air Dolomiti,,EN,DOLOMOTI,Italy
816,Aeroflot-Don,,D9,DONAVIA,Russia
817,Air Madrid,,NM,ALADA AIR,Spain
837,Aer Lingus,,EI,SHAMROCK,Ireland
876,Air Finland,,OF,AIR FINLAND,Finland
878,Airfix Aviation,,FIX,AIRFIX,Finland
879,Air Pacific,,FJ,PACIFIC,Fiji
881,Atlantic Airways,,RC,FAROELINE,Faroe Islands
882,Air Florida,,QH,AIR FLORIDA,United States
896,Air Iceland,,NY,FAXI,Iceland
897,Air Philippines,,2P,ORIENT PACIFIC,Philippines
909,Air Guinee Express,,2U,FUTURE EXPRESS,Guinea
921,Air Greenland,,GL,GREENLAND,Denmark
928,Atlas Air,,5Y,GIANT,United States
931,Air Guyane,,GG,GREEN BIRD,French Guiana
970,Air Bagan,,W9,AIR BAGAN,Myanmar
983,Air Canada Jazz,,QK,JAZZ,Canada
995,Atlasjet,,KK,ATLASJET,Turkey
998,Air Koryo,,JS,AIR KORYO,Democratic People's Republic of Korea
1006,Air Astana,,KC,ASTANALINE,Kazakhstan
1008,Albanian Airlines,,LV,ALBANIAN,Albania
1017,Air Alfa,,LFA,,Turkey
1034,Aerolane,,XL,LAN ECUADOR,Ecuador
1048,Atlantis European Airways,,TD,,Armenia
1052,Air Luxor,,LK,AIRLUXOR,Portugal
1057,Air Mauritius,,MK,AIRMAURITIUS,Mauritius
1066,Air Madagascar,,MD,AIR MADAGASCAR,Madagascar
1073,Air Moldova,,9U,AIR MOLDOVA,Moldova
1087,Air Plus Comet,,A7,RED COMET,Spain
1109,Astair,,8D,,Russian Federation
1116,Aero Contractors,,AJ,AEROLINE,Nigeria
1143,Aeropelican Air Services,,OT,PELICAN,Australia
1188,Aer Arann,,RE,AER ARANN,Ireland
1191,Air Austral,,UU,REUNION,France
1200,Asian Spirit,,6K,ASIAN SPIRIT,Philippines
1202,Air Afrique,,RK,AIRAFRIC,Ivory Coast
1203,Airlinair,,A5,AIRLINAIR,France
1206,Aero Lanka,,QL,AERO LANKA,Sri Lanka
1213,Air Salone,,20,AIR SALONE,Sierra Leone
1216,Armavia,,U8,ARMAVIA,Armenia
1224,AeroRep,,P5,AEROREPUBLICA,Colombia
1230,Aero-Service,,BF,CONGOSERV,Republic of the Congo
1231,Aerosur,,5L,AEROSUR,Bolivia
1232,Aeronorte,,RTE,LUZAVIA,Portugal
1266,Avient Aviation,,Z3,AVAVIA,Zimbabwe
1287,Aircompany Yakutia,,R3,AIR YAKUTIA,Russia
1290,Aeromar,,VW,TRANS-AEROMAR,Mexico
1299,Arkefly,,OR,ARKEFLY,Netherlands
1308,Airlines PNG,,CG,BALUS,Papua New Guinea
1316,AirTran Airways,,FL,CITRUS,United States
1317,Air Transat,,TS,TRANSAT,Canada
1322,Avialeasing Aviation Company,,EC,TWINARROW,Uzbekistan
1326,Tyrolean Airways,,VO,TYROLEAN,Austria
1338,Aerolineas Galapagos (Aerogal),,2K,AEROGAL,Ecuador
1340,Alrosa Mirny Air Enterprise,,6R,MIRNY,Russia
1355,British Airways,,BA,SPEEDBIRD,United Kingdom
1359,Biman Bangladesh Airlines,,BG,BANGLADESH,Bangladesh
1401,Belair Airlines,,4T,BELAIR,Switzerland
1403,Bahamasair,,UP,BAHAMAS,Bahamas
1406,Balkan Bulgarian Airlines,,LZ,,
1411,British International Helicopters,,BS,BRINTEL,United Kingdom
1420,BF-Lento OY,,BKF,BAKERFLIGHT,Finland
1422,Bangkok Airways,,PG,BANGKOK AIR,Thailand
1427,Blue1,,KF,BLUEFIN,Finland
1431,Baltic Airlines,,BLL,BALTIC AIRLINES,Russia
1434,Bearskin Lake Air Service,,JV,BEARSKIN,Canada
1436,Bellview Airlines,,B3,BELLVIEW AIRLINES,Nigeria
1437,bmi,bmi British Midland,BD,MIDLAND,United Kingdom
1441,bmibaby,,WW,BABY,United Kingdom
1442,Bemidji Airlines,,CH,BEMIDJI,United States
1445,British Midland Regional,,BMR,,United Kingdom
1463,Blue Panorama Airlines,,BV,BLUE PANOROMA,Italy
1466,Budapest Aircraft Services/Manx2,,BPS,BASE,Hungary
1472,Bering Air,,8E,BERING AIR,United States
1476,Brazilian Air Force,,BRS,BRAZILIAN AIR FORCE,Brazil
1478,Belavia Belarusian Airlines,,B2,BELARUS AVIA,Belarus
1500,Metro Batavia,,7P,BATAVIA,Indonesia
1508,Berjaya Air,,J8,BERJAYA,Malaysia
1510,Blue Wings,,QW,BLUE WINGS,Germany
1523,Brit Air,,DB,BRITAIR,France
1531,Brussels Airlines,SN Brussels Airlines,SN,BEE-LINE,Belgium
1539,Binter Canarias,,NT,,Spain
1542,Blue Air,,0B,BLUE TRANSPORT,Romania
1543,British Mediterranean Airways,,KJ,BEE MED,United Kingdom
1548,Bulgaria Air,,FB,FLYING BULGARIA,Bulgaria
1550,Barents AirLink,,8N,NORDFLIGHT,Sweden
1581,CAL Cargo Air Lines,,5C,CAL,Israel
1607,Calima Aviacion,,XG,CALIMA,Spain
1615,Canadian Airlines,,CP,CANADIAN,Canada
1623,Canadian North,,5T,EMPRESS,Canada
1629,Cape Air,,9K,CAIR,United States
1663,Caribbean Airlines,,BW,CARIBBEAN AIRLINES,Trinidad and Tobago
1669,Carpatair,,V3,CARPATAIR,Romania
1675,Caspian Airlines,,RV,CASPIAN,Iran
1680,Cathay Pacific,,CX,CATHAY,Hong Kong SAR of China
1682,Cayman Airways,,KX,CAYMAN,Cayman Islands
1683,Cebu Pacific,,5J,CEBU AIR,Philippines
1700,Central Connect Airlines,,CCG,,Czech Republic
1708,Centralwings,,C0,CENTRALWINGS,Poland
1737,Charter Air,,CHW,CHARTER WIEN,Austria
1739,Chautauqua Airlines,,RP,CHAUTAUQUA,United States
1756,China Airlines,,CI,DYNASTY,Taiwan
1758,China Eastern Airlines,,MU,CHINA EASTERN,China
1767,China Southern Airlines,,CZ,CHINA SOUTHERN,China
1769,China United Airlines,,HR,LIANHANG,China
1771,Yunnan Airlines,,3Q,YUNNAN,China
1781,Cimber Air,,QI,CIMBER,Denmark
1784,Cirrus Airlines,,C9,CIRRUS AIR,Germany
1789,City Airline,,CF,SWEDESTAR,Sweden
1790,City Connexion Airlines,,G3,CONNEXION,Burundi
1792,CityJet,,WX,CITY-IRELAND,Ireland
1795,BA CityFlyer,,CJ,FLYER,United Kingdom
1808,Click Airways,,CGK,CLICK AIR,Kyrgyzstan
1814,Coastal Air,,DQ,U.S. Virgin Islands,United States
1821,Colgan Air,,9L,COLGAN,United States
1828,Comair,,OH,COMAIR,United States
1829,Comair,,MN,COMMERCIAL,South Africa
1843,CommutAir,,C5,COMMUTAIR,United States
1844,Comores Airlines,,KR,CONTICOM,Comoros
1860,Compass Airlines,,CP,Compass Rose,United States
1868,Condor Flugdienst,,DE,CONDOR,Germany
1876,Consorcio Aviaxsa,,6A,AVIACSA,Mexico
1879,Contact Air,Contactair,C3,CONTACTAIR,Germany
1881,Continental Airlines,,CO,CONTINENTAL,United States
1883,Continental Express,,CO,JETLINK,United States
1884,Continental Micronesia,,CS,AIR MIKE,United States
1886,Conviasa,,V0,CONVIASA,Venezuela
1889,Copa Airlines,,CM,COPA,Panama
1892,Copterline,,AAQ,COPTERLINE,Finland
1894,Corendon Airlines,,CAI,CORENDON,Turkey
1908,Corsairfly,,SS,CORSAIR,France
1909,Corse-Mediterranee,,XK,CORSICA,France
1923,Crest Aviation,,CAN,CREST,United Kingdom
1925,Croatia Airlines,,OU,CROATIA,Croatia
1931,Crown Airways,,CRO,CROWN AIRWAYS,United States
1936,Cubana de Aviación,,CU,CUBANA,Cuba
1942,Cyprus Airways,,CY,CYPRUS,Cyprus
1943,Cyprus Turkish Airlines,,YK,,Turkey
1946,Czech Airlines,CSA Czech Airlines,OK,CSA-LINES,Czech Republic
1954,DAT Danish Air Transport,,DX,DANISH,Denmark
1966,Daallo Airlines,,D3,DALO AIRLINES,Djibouti
1973,Dalavia,,H8,DALAVIA,Russia
1983,Darwin Airline,,0D,DARWIN,Switzerland
2006,Delta Aerotaxi,,DEA,JET SERVICE,Italy
2009,Delta Air Lines,,DL,DELTA,United States
2013,Denim Air,,DNM,DENIM,Netherlands
2021,Deutsche Bahn,,2A,,Germany
2041,Djibouti Airlines,,D8,DJIBOUTI AIR,Djibouti
2042,Dniproavia,,UDN,DNIEPRO,Ukraine
2047,Dominicana de Aviaci,,DO,DOMINICANA,Dominican Republic
2048,Domodedovo Airlines,,E3,DOMODEDOVO,Russia
2051,DonbassAero,,5D,DONBASS AERO,Ukraine
2056,Dragonair,,KA, Hong Kong Dragon Airlines,DRAGON
2058,Druk Air,,KB,ROYAL BHUTAN,Bhutan
2061,Dubrovnik Air,,DBK,SEAGULL,Croatia
2070,Dutch Antilles Express,,DNL,DUTCH ANTILLES,Netherlands Antilles
2077,dba,,DI,SPEEDWAY,Germany
2091,EVA Air,,BR,EVA,Taiwan
2094,Eagle Air,,H7,,Uganda
2104,East African,,QU,CRANE,Uganda
2117,Eastern Airways,,T3,EASTFLIGHT,United Kingdom
2125,Eastland Air,,DK,,Australia
2137,Ecuavia,,ECU,ECUAVIA,Ecuador
2138,Edelweiss Air,,WK,EDELWEISS,Switzerland
2143,Egyptair,,MS,EGYPTAIR,Egypt
2150,El Al Israel Airlines,,LY,ELAL,Israel
2155,El-Buraq Air Transport,,UZ,BURAQAIR,Libya
2183,Emirates,Emirates Airlines,EK,EMIRATES,United Arab Emirates
2193,Empresa Ecuatoriana De Aviacion,,EU,ECUATORIANA,Ecuador
2213,Eritrean Airlines,,B8,ERITREAN,Eritrea
2218,Estonian Air,,OV,ESTONIAN,Estonia
2220,Ethiopian Airlines,,ET,ETHIOPIAN,Ethiopia
2222,Etihad Airways,,EY,ETIHAD,United Arab Emirates
2226,Euro Exec Express,,RZ,,Sweden
2237,Eurocypria Airlines,,UI,EUROCYPRIA,Cyprus
2239,Eurofly Service,,GJ,EUROFLY,Italy
2245,Eurolot,,K2,EUROLOT,Poland
2251,European Air Express,,EA,STAR WING,Germany
2260,Eurowings,,EW,EUROWINGS,Germany
2261,Evergreen International Airlines,,EZ,EVERGREEN,United States
2264,Excel Airways,,JN,EXPO,United Kingdom
2265,Excel Charter,,XEL,HELI EXCEL,United Kingdom
2293,Express One International,,EO,LONGHORN,United States
2295,ExpressJet,,XE,JET LINK,United States
2297,easyJet,EasyJet Airline,U2,EASY,United Kingdom
2324,Far Eastern Air Transport,,EF,Far Eastern,Taiwan
2350,Finnair,,AY,FINNAIR,Finland
2351,Finncomm Airlines,,FC,WESTBIRD,Finland
2353,Firefly,,FY,FIREFLY,Malaysia
2354,First Air,,7F,,Canada
2357,First Choice Airways,,DP,JETSET,United Kingdom
2395,Flightline,,B5,FLIGHTLINE,United Kingdom
2404,Florida West International Airways,,RF,FLO WEST,United States
2417,AirAsia X,FlyAsianXpress,D7,XANADU,Malaysia
2418,FlyLal,,TE,LITHUANIA AIR,Lithuania
2419,FlyNordic,,LF,NORDIC,Sweden
2420,Flybaboo,,F7,BABOO,Switzerland
2421,Flybe,,BE,JERSEY,United Kingdom
2425,Flyglobespan,,B4,GLOBESPAN,United Kingdom
2429,Flyhy Cargo Airlines,,FYH,FLY HIGH,Thailand
2439,Formosa Airlines,,VY,,Taiwan
2454,Freedom Air,,FP,FREEDOM,United States
2456,Freedom Airlines,,FRL,FREEDOM AIR,United States
2468,Frontier Airlines,,F9,FRONTIER FLIGHT,United States
2470,Frontier Flying Service,,2F,FRONTIER-AIR,United States
2486,GB Airways,,GT,GEEBEE AIRWAYS,United Kingdom
2520,Garuda Indonesia,,GA,INDONESIA,Indonesia
2524,Gazpromavia,,4G,GAZPROMAVIA,Russia
2538,Georgian Airways,,A9,TAMAZI,Georgia
2541,Georgian National Airlines,,QB,NATIONAL,Georgia
2547,Germania,,ST,GERMANIA,Germany
2548,Germanwings,,4U,GERMAN WINGS,Germany
2556,Ghana International Airlines,,G0,GHANA AIRLINES,Ghana
2575,Go Air,,G8,GOAIR,India
2577,GoJet Airlines,,G7,GATEWAY,United States
2581,Gol Transportes Aéreos,,G3,GOL TRANSPORTE,Brazil
2585,Golden Air,,DC,GOLDEN,Sweden
2607,Great Lakes Airlines,,ZK,LAKES AIR,United States
2622,Grupo TACA,TACA,TA,TACA-COSTARICA,Costa Rica
2637,Gulf Air,,GFA,GULF AIR,Oman
2638,Gulf Air Bahrain,,GF,GULF BAHRAIN,Bahrain
2645,Gulfstream International Airlines,,GFT,GULF FLIGHT,United States
2657,Hageland Aviation Services,,H6,HAGELAND,United States
2660,Hainan Airlines,,HU,HAINAN,China
2663,Haiti Ambassador Airlines,,2T,,Haiti
2674,Hamburg International,,4R,HAMBURG JET,Germany
2681,TUIfly,,X3,YELLOW CAB,Germany
2682,Hapagfly,,HF,HAPAG LLOYD,Germany
2688,Hawaiian Airlines,,HA,HAWAIIAN,United States
2692,Hawkair,,BH,,Canada
2704,Heli France,,8H,HELIFRANCE,France
2731,Helijet,,JB,HELIJET,Canada
2747,Hellas Jet,,T4,HELLAS JET,Greece
2748,Hello,,HW,FLYHELLO,Switzerland
2750,Helvetic Airways,,2L,HELVETIC,Switzerland
2757,Hex'Air,,UD,HEX AIRLINE,France
2761,Highland Airways,,HWY,HIWAY,United Kingdom
2765,Hokkaido International Airlines,,HD,AIR DO,Japan
2773,Hong Kong Airlines,,HX,BAUHINIA,Hong Kong SAR of China
2774,Hong Kong Express Airways,,UO,HONGKONG SHUTTLE,Hong Kong SAR of China
2778,Horizon Air,Horizon Airlines,QX,HORIZON AIR,United States
2782,Horizon Airlines,,BN,,Australia
2822,Iberia Airlines,,IB,IBERIA,Spain
2825,Iberworld,,TY,,Spain
2826,Ibex Airlines,,FW,IBEX,Japan
2829,Icar Air,,RAC,TUZLA AIR,Bosnia and Herzegovina
2835,Icelandair,,FI,ICEAIR,Iceland
2845,Imair Airlines,,IK,IMPROTEX,Azerbaijan
2850,IndiGo Airlines,,6E,IFLY,India
2853,Indian Airlines,,IC,INDAIR,India
2855,Indigo,,I9,INDIGO BLUE,United States
2857,Indonesia AirAsia,,QZ,WAGON AIR,Indonesia
2858,Indonesian Airlines,,IO,INDO LINES,Indonesia
2881,Interair South Africa,,D6,INLINE,South Africa
2883,Interavia Airlines,,ZA,ASTAIR,Russia
2896,Interlink Airlines,,ID,INTERLINK,South Africa
2916,Intersky,,3L,INTERSKY,Austria
2922,Iran Air,,IR,IRANAIR,Iran
2923,Iran Aseman Airlines,,EP,,Iran
2926,Iraqi Airways,,IA,IRAQI,Iraq
2937,Island Airlines,,IS,,United States
2942,Cargo Plus Aviation,,8L,,United Arab Emirates
2948,Islas Airways,,IF,PINTADERA,Spain
2950,Islena De Inversiones,,WC,,Honduras
2954,Israir,,6H,ISRAIR,Israel
2958,Itek Air,,GI,ITEK-AIR,Kyrgyzstan
2969,JAL Express,,JC,JANEX,Japan
2970,JALways,,JO,JALWAYS,Japan
2987,Japan Airlines,JAL Japan Airlines,JL,JAPANAIR,Japan
2988,Japan Airlines Domestic,,JL,J-BIRD,Japan
2989,Japan Asia Airways,,EG,ASIA,Japan
2990,Japan Transocean Air,,NU,JAI OCEAN,Japan
2993,Jazeera Airways,,J9,JAZEERA,Kuwait
2994,Jeju Air,,7C,JEJU AIR,Republic of Korea
3000,Jet Airways,,9W,JET AIRWAYS,India
3001,Jet Airways,,QJ,,United States
3021,Jetstar Asia Airways,,3K,JETSTAR ASIA,Singapore
3026,Jet2.com,,LS,CHANNEX,United Kingdom
3027,Jet4You,,8J,ARGAN,Morocco
3029,JetBlue Airways,,B6,JETBLUE,United States
3032,Jetairfly,,JF,BEAUTY,Belgium
3039,Jetflite,,JEF,JETFLITE,Finland
3052,Jetstar Airways,,JQ,JETSTAR,Australia
3081,Juneyao Airlines,,HO,JUNEYAO AIRLINES,China
3087,KD Avia,,KD,KALININGRAD AIR,Russia
3088,KLM Cityhopper,,WA,CITY,Netherlands
3090,KLM Royal Dutch Airlines,,KL,KLM,Netherlands
3097,Kam Air,,RQ,KAMGAR,Afghanistan
3110,Kavminvodyavia,,KV,AIR MINVODY,Russia
3122,Kendell Airlines,,KDA,KENDELL,Australia
3123,Kenmore Air,,M5,KENMORE,United States
3126,Kenya Airways,,KQ,KENYA,Kenya
3142,Kingfisher Airlines,,IT,KINGFISHER,India
3148,Kish Air,,Y9,KISHAIR,Iran
3157,Kogalymavia Air Company,,7K,KOGALYM,Russia
3163,Korean Air,,KE,KOREANAIR,Republic of Korea
3165,Kosmos,,KSM,KOSMOS,Russia
3168,Krasnojarsky Airlines,,7B,KRASNOJARSKY AIR,Russia
3175,Kuban Airlines,,GW,AIR KUBAN,Russia
3179,Kuwait Airways,,KU,KUWAITI,Kuwait
3180,Kuzu Airlines Cargo,,GO,KUZU CARGO,Turkey
3197,LACSA,,LR,LACSA,Costa Rica
3200,LAN Airlines,,LA,LAN,Chile
3201,LAN Argentina,,4M,LAN AR,Argentina
3204,LAN Express,,LU,LANEX,Chile
3205,LAN Peru,,LP,LANPERU,Peru
3210,LOT Polish Airlines,,LO,POLLOT,Poland
3211,LTE International Airways,,XO,FUN JET,Spain
3212,LTU Austria,,L3,BILLA TRANSPORT,Austria
3233,Lao Airlines,,QV,LAO,Lao Peoples Democratic Republic
3237,LatCharter,,LTC,LATCHARTER,Latvia
3239,Lauda Air,,NG,LAUDA AIR,Austria
3251,Leeward Islands Air Transport,,LI,LIAT,Antigua and Barbuda
3258,Libyan Arab Airlines,,LN,LIBAIR,Libya
3287,Linhas A,,LM,MOZAMBIQUE,Mozambique
3290,Lion Mentari Airlines,,JT,LION INTER,Indonesia
3319,Luftfahrtgesellschaft Walter,,HE,WALTER,Germany
3320,Lufthansa,,LH,LUFTHANSA,Germany
3321,Lufthansa Cargo,,LH,LUFTHANSA CARGO,Germany
3322,Lufthansa CityLine,,CL,HANSALINE,Germany
3326,Lufttransport,,L5,LUFT TRANSPORT,Norway
3329,Luxair,,LG,LUXAIR,Luxembourg
3342,L,,MJ,LAPA,Argentina
3349,MasAir,,M7,MAS CARGA,Mexico
3350,MAT Macedonian Airlines,,IN,MAKAVIO,Macedonia
3354,MIAT Mongolian Airlines,,OM,MONGOL AIR,Mongolia
3357,MNG Airlines,,MB,BLACK SEA,Turkey
3363,Macair Airlines,,CC,,Australia
3366,Maersk,,DM,,Denmark
3370,Mahan Air,,W5,MAHAN AIR,Iran
3378,Malaysia Airlines,,MH,MALAYSIAN,Malaysia
3384,Malmo Aviation,,SCW,SCANWING,Sweden
3386,Malmö Aviation,,TF,Scanwings,Sweden
3387,Malta Air Charter,,R5,MALTA CHARTER,Malta
3389,Malév,,MA,MALEV,Hungary
3391,Mandala Airlines,,RI,MANDALA,Indonesia
3392,Mandarin Airlines,,AE,Mandarin,Taiwan
3393,Mango,,JE,TULCA,South Africa
3411,Martinair,,MP,MARTINAIR,Netherlands
3432,Maxair,,8M,MAXAIR,Sweden
3437,Maya Island Air,,MW,MYLAND,Belize
3463,Meridiana,,IG,MERAIR,Italy
3465,Merpati Nusantara Airlines,,MZ,MERPATI,Indonesia
3466,Mesa Airlines,,YV,AIR SHUTTLE,United States
3467,Mesaba Airlines,,XJ,MESABA,United States
3479,Mexicana de Aviaci,,MX,MEXICANA,Mexico
3490,Middle East Airlines,,ME,CEDAR JET,Lebanon
3494,Midway Airlines,,JI,MIDWAY,United States
3497,Midwest Airlines,,YX,,United States
3498,Midwest Airlines (Egypt),,MY,,Egypt
3529,Moldavian Airlines,,2M,MOLDAVIAN,Moldova
3532,Monarch Airlines,,ZB,MONARCH,United Kingdom
3534,Myway Airlines,,8I,,Italy
3539,Montenegro Airlines,,YM,MONTAIR,Montenegro
3542,Morningstar Air Express,,MAL,MORNINGSTAR,Canada
3545,Moskovia Airlines,,3R,GROMOV AIRLINE,Russia
3547,Motor Sich,,M9,MOTOR SICH,Ukraine
3568,MyTravel Airways,,VZ,KESTREL,United Kingdom
3569,Myanma Airways,,UB,UNIONAIR,Myanmar
3570,Myanmar Airways International,,8M,assignment postponed,Myanmar
3571,Myflug,,MYA,MYFLUG,Iceland
3589,Nasair,,UE,NASAIRWAYS,Eritrea
3608,National Jet Systems,,NC,NATIONAL JET,Australia
3613,Nationwide Airlines,,CE,NATIONWIDE,South Africa
3618,Nauru Air Corporation,,ON,AIR NAURU,Nauru
3637,Nepal Airlines,,RA,ROYAL NEPAL,Nepal
3641,NetJets,,1I,EXECJET,United States
3644,New England Airlines,,EJ,NEW ENGLAND,United States
3652,NextJet,,2N,NEXTJET,Sweden
3661,Niki,,HG,FLYNIKI,Austria
3674,Nok Air,,DD,NOK AIR,Thailand
3684,Norfolk County Flight College,,NCF,COUNTY,United Kingdom
3693,North American Airlines,,NTM,NORTHAM,Canada
3694,North American Charters,,HMR,HAMMER,Canada
3721,Northern Dene Airways,,U7,,Canada
3731,Northwest Airlines,,NW,NORTHWEST,United States
3734,Northwestern Air,,J3,POLARIS,Canada
3737,Norwegian Air Shuttle,,DY,NOR SHUTTLE,Norway
3738,Norwegian Aviation College,,TFN,SPRIT,Norway
3740,Nouvel Air Tunisie,,BJ,NOUVELAIR,Tunisia
3743,Novair,,1I,NAVIGATOR,Sweden
3754,Nas Air,,XY,NAS EXPRESS,Saudi Arabia
3759,Oasis Hong Kong Airlines,,O8,OASIS,Hong Kong
3760,Ocean Air,,BCN,BLUE OCEAN,Mauritania
3764,Oceanair,,O6,OCEANAIR,Brazil
3765,Oceanic Airlines,,O2,,Guinea
3776,Olympic Airlines,,OA,OLYMPIC,Greece
3778,Oman Air,,WY,OMAN AIR,Oman
3781,Omni Air International,,OY,OMNI-EXPRESS,United States
3785,One Two Go Airlines,,OTG,THAI EXPRESS,Thailand
3788,Onur Air,,8Q,ONUR AIR,Turkey
3805,Orenburg Airlines,,R2,ORENBURG,Russia
3811,Orient Thai Airlines,,OX,ORIENT THAI,Thailand
3814,Origin Pacific Airways,,QO,ORIGIN,New Zealand
3822,Ostfriesische Lufttransport,,OL,OLTRA,Germany
3826,Overland Airways,,OJ,OVERLAND,Nigeria
3831,Ozjet Airlines,,O7,AUSJET,Australia
3834,PAN Air,,PV,SKYJET,Spain
3835,PB Air,,9Q,PEEBEE AIR,Thailand
3839,PLUNA,,PU,PLUNA,Uruguay
3840,PMTair,,U4,MULTITRADE,Cambodia
3850,Jetstar Pacific,Pacific Airlines,BL,PACIFIC AIRLINES,Vietnam
3856,Pacific Coastal Airline,,8P,PASCO,Canada
3857,Pacific East Asia Cargo Airlines,,Q8,PAC-EAST CARGO,Philippines
3860,Pacific Island Aviation,,PSA,PACIFIC ISLE,United States
3865,Pacific Wings,,LW,TSUNAMI,United States
3871,Pakistan International Airlines,PIA Pakistan International,PK,PAKISTAN,Pakistan
3907,Paramount Airways,,I7,PARAWAY,India
3914,Passaredo Transportes Aereos,,PTB,PASSAREDO,Brazil
3926,Pegasus Airlines,,PC,SUNTURK,Turkey
3935,Peninsula Airways,,KS,PENINSULA,United States
3952,Philippine Airlines,,PR,PHILIPPINE,Philippines
3969,Piedmont Airlines (1948-1989),,PI,PIEDMONT,United States
3976,Pinnacle Airlines,,9E,FLAGSHIP,United States
3995,Polet,,POT,POLET,Russia
4013,Polynesian Airlines,,PH,POLYNESIAN,Samoa
4021,Porter Airlines,,PD,PORTER AIR,Canada
4022,Portugalia,,NI,PORTUGALIA,Portugal
4026,Potomac Air,,BK,DISTRICT,United States
4031,Precision Air,,PW,PRECISION AIR,Tanzania
4056,Privatair,,PTI,PRIVATAIR,Switzerland
4066,Proflight Commuter Services,,P0,,Zambia
4089,Qantas,Qantas Airways,QF,QANTAS,Australia
4091,Qatar Airways,,QR,QATARI,Qatar
4106,RACSA,,R6,,Guatemala
4113,Kinloss Flying Training Unit,,KIN,KINLOSS,United Kingdom
4177,Regional Airlines,,FN,,Morocco
4178,Regional Express,,ZL,REX,Australia
4187,Republic Airlines,,RW,BRICKYARD,United States
4188,Republic Express Airlines,,RH,PUBLIC EXPRESS,Indonesia
4232,Rossiya,,R4,,Russia
4234,Air Rarotonga,,GZ,,Cook Islands
4248,Royal Air Maroc,,AT,ROYALAIR MAROC,Morocco
4255,Royal Brunei Airlines,,BI,BRUNEI,Brunei
4259,Royal Jordanian,,RJ,JORDANIAN,Jordan
4264,Royal Nepal Airlines,,RA,ROYAL NEPAL,Nepal
4270,Royal Phnom Penh Airways,,PPW,PHNOM-PENH AIR,Cambodia
4283,Rusline,,RLU,RUSLINE AIR,Russia
4292,Rwandair Express,,WB,RWANDAIR,Rwanda
4294,Ryan Air Services,,RYA,RYAN AIR,United States
4295,Ryan International Airlines,,RD,RYAN INTERNATIONAL,United States
4296,Ryanair,,FR,RYANAIR,Ireland
4299,Régional,,YS,REGIONAL EUROPE,France
4304,SATA International,,S4,AIR AZORES,Portugal
4305,South African Airways,SAA South African Airways,SA,SPRINGBOK,South Africa
4311,Shaheen Air International,,NL,SHAHEEN AIR,Pakistan
4319,Scandinavian Airlines System,SAS Scandinavian Airlines,SK,SCANDINAVIAN,Sweden
4323,ScotAirways,,SAY,SUCKLING,United Kingdom
4329,S7 Airlines,Sibir Airlines,S7,SIBERIAN AIRLINES,Russia
4335,Seaborne Airlines,,BB,SEABORNE,United States
4342,Scenic Airlines,,SCE,SCENIC,United States
4349,SriLankan Airlines,,UL,SRILANKAN,Sri Lanka
4356,Sun Country Airlines,,SY,SUN COUNTRY,United States
4370,Southeast Air,,SEA,SOUTHEAST AIR,United States
4374,Sky Express,,G3,AIR CRETE,Greece
4375,Spicejet,,SG,SPICEJET,India
4388,Star Flyer,,7G,STARFLYER,Japan
4411,Skagway Air Service,,N5,SKAGWAY AIR,United States
4414,Sahara Airlines,,SHD,,Algeria
4429,SATA Air Acores,,SP,SATA,Portugal
4435,Singapore Airlines,,SQ,SINGAPORE,Singapore
4436,Sibaviatrans,,5M,SIBAVIA,Russia
4438,Skynet Airlines,,SI,BLUEJET,Ireland
4454,Sriwijaya Air,,SJ,SRIWIJAYA,Indonesia
4455,Sama Airlines,,ZS,NAJIM,Saudi Arabia
4464,Singapore Airlines Cargo,,SQ,SINGCARGO,Singapore
4469,Siem Reap Airways,,FT,SIEMREAP AIR,Cambodia
4475,South East Asian Airlines,,DG,SEAIR,Philippines
4496,Skyservice Airlines,,5G,SKYTOUR,Canada
4513,Servicios de Transportes A,,FS,FUEGUINO,Argentina
4521,Sudan Airways,,SD,SUDANAIR,Sudan
4533,Saudi Arabian Airlines,,SV,SAUDIA,Saudi Arabia
4547,Southwest Airlines,,WN,SOUTHWEST,United States
4550,Southern Winds Airlines,,A4,SOUTHERN WINDS,Argentina
4559,Swiss International Air Lines,Swiss Airlines,LX,SWISS,Switzerland
4560,Swissair,,SR,Swissair,Switzerland
4563,Swiss European Air Lines,Swiss European,SWU,EUROSWISS,Switzerland
4564,Swe Fly,,WV,FLYING SWEDE,Sweden
4573,SunExpress,,XQ,SUNEXPRESS,Turkey
4586,Syrian Arab Airlines,,RB,SYRIANAIR,Syrian Arab Republic
4589,Skywalk Airlines,,AL,SKYWAY-EX,United States
4599,Shandong Airlines,,SC,SHANDONG,China
4606,SAS Braathens,,CNO,SCANOR,Norway
4607,Spring Airlines,,9S,AIR SPRING,China
4608,Sichuan Airlines,,3U,SI CHUAN,China
4609,Shanghai Airlines,,FM,SHANGHAI AIR,China
4611,Shenzhen Airlines,,ZH,SHENZHEN AIR,China
4619,Sun D'Or,,7L,ECHO ROMEO,Israel
4620,SkyEurope,,NE,RELAX,Slovakia
4640,Sky Europe Airlines,,HSK,MATRA,Slovakia
4652,Spanair,,JK,SPANAIR,Spain
4687,Spirit Airlines,,NK,SPIRIT WINGS,United States
4691,SATENA,,9R,SATENA,Colombia
4702,Skywest Airlines,,OZW,OZWEST,Australia
4735,Santa Barbara Airlines,,S3,SANTA BARBARA,Venezuela
4737,Sky Airline,,H2,AEROSKY,Chile
4738,SkyWest,,OO,SKYWEST,United States
4739,Skyways Express,,JZ,SKY EXPRESS,Sweden
4740,Skymark Airlines,,BC,SKYMARK,Japan
4750,SilkAir,,MI,SILKAIR,Singapore
4752,Surinam Airways,,PY,SURINAM,Suriname
4776,Sterling Airlines,,NB,STERLING,Denmark
4781,Skynet Asia Airways,,6J,NEWSKY,Japan
4797,Solomon Airlines,,IE,SOLOMON,Solomon Islands
4804,Southern Airways,,SOU,SOUTHERN EXPRESS,United States
4805,Saratov Aviation Division,,6W,SARATOV AIR,Russia
4808,Sat Airlines,,HZ,SATCO,Kazakhstan
4816,South Pacific Island Airways,,SPI,SOUTH PACIFIC,United States
4822,Shuttle America,,S5,MERCURY,United States
4840,Scat Air,,DV,VLASTA,Kazakhstan
4863,TAME,,EQ,TAME,Ecuador
4867,TAM Brazilian Airlines,,JJ,TAM,Brazil
4869,TAP Portugal,TAP Air Portugal,TP,AIR PORTUGAL,Portugal
4870,Tunisair,,TU,TUNAIR,Tunisia
4889,Thai Air Cargo,,T2,THAI CARGO,Thailand
4896,Thomas Cook Airlines,,FQ,THOMAS COOK,Belgium
4897,Thomas Cook Airlines,,MT,KESTREL,United Kingdom
4933,Trigana Air Service,,TGN,TRIGANA,Indonesia
4936,Tiger Airways,,TR,GO CAT,Singapore
4937,Tiger Airways Australia,,TT,GO CAT,Australia
4940,Thai Airways International,,TG,THAI,Thailand
4946,Turk Hava Kurumu Hava Taksi Isletmesi,,THK,HUR KUS,Turkey
4947,Thai AirAsia,Thai Air Asia,FD,THAI ASIA,Thailand
4951,Turkish Airlines,,TK,TURKAIR,Turkey
4957,Tajikistan International Airlines,,TIL,TIL,Tajikistan
4965,Twin Jet,,T7,TWINJET,France
4970,Translift Airways,,TLA,TRANSLIFT,Ireland
4981,Trans Mediterranean Airlines,,TL,TANGO LIMA,Lebanon
5002,Tiara Air,,3P,TIARA,Aruba
5013,Thomsonfly,,BY,TOMSON,United Kingdom
5016,Tropic Air,,PM,TROPISER,Belize
5020,TAMPA,,QT,TAMPA,Colombia
5038,TransAsia Airways,,GE,TransAsia,Taiwan
5039,Transavia Holland,,HV,TRANSAVIA,Netherlands
5041,TACV,,VR,CABOVERDE,Portugal
5064,Transwest Air,,9T,ATHABASKA,Canada
5067,Transaero Airlines,,UN,TRANSOVIET,Russia
5083,Turkmenistan Airlines,Turkmenhovayollary,T5,TURKMENISTAN,Turkmenistan
5085,Tuninter,,UG,,Tunisia
5097,Travel Service,,QS,SKYTRAVEL,Czech Republic
5122,TUIfly Nordic,,6B,BLUESCAN,Sweden
5133,TAAG Angola Airlines,,DT,DTA,Angola
5146,Turkish Air Force,,HVK,TURKISH AIRFORCE,Turkey
5156,TAM Mercosur,,PZ,PARAGUAYA,Paraguay
5160,Trans States Airlines,,AX,WATERSKI,United States
5179,Tarom,,RO,TAROM,Romania
5187,Turan Air,,3T,TURAN,Azerbaijan
5188,TRIP Linhas A,,8R,TRIP,Brazil
5207,USA3000 Airlines,,U5,GETAWAY,United States
5209,United Airlines,,UA,UNITED,United States
5210,United Air Charters,,UAC,UNITAIR,Zimbabwe
5234,Ural Airlines,,U6,SVERDLOVSK AIR,Russia
5251,UM Airlines,,UF,UKRAINE MEDITERRANEE,Ukraine
5265,US Airways,,US,U S AIR,United States
5268,US Helicopter,,USH,US-HELI,United States
5271,UTair Aviation,,UT,UTAIR,Russia
5279,United States Air Force,,AIO,AIR CHIEF,United States
5281,Uzbekistan Airways,,HY,UZBEK,Uzbekistan
5282,Ukraine International Airlines,,PS,UKRAINE INTERNATIONAL,Ukraine
5284,US Helicopter Corporation,,UH,,United States
5297,Valuair,,VF,VALUAIR,Singapore
5301,Vasco Air,,VFC,VASCO AIR,Vietnam
5309,Vietnam Airlines,,VN,VIET NAM AIRLINES,Vietnam
5311,VIM Airlines,,NN,MOV AIR,Russia
5325,Volaris,,Y4,VOLARIS,Mexico
5326,Volga-Dnepr Airlines,,VI,VOLGA-DNEPR,Russia
5331,Virgin America,,VX,REDWOOD,United States
5333,Virgin Express,,TV,VIRGIN EXPRESS,Belgium
5335,Virgin Nigeria Airways,,VK,VIRGIN NIGERIA,Nigeria
5347,Virgin Atlantic Airways,,VS,VIRGIN,United Kingdom
5350,Viva Macau,,ZG,JACKPOT,Macao
5351,Volare Airlines,,VE,VOLA,Italy
5352,Vueling Airlines,,VY,VUELING,Spain
5353,Vladivostok Air,,XF,VLADAIR,Russia
5354,Varig Log,,LC,VELOG,Brazil
5360,Virgin Australia,,VA,VIRGIN,Australia
5368,VRG Linhas Aereas,Varig,RG,VARIG,Brazil
5373,VASP,,VP,VASP,Brazil
5383,VLM Airlines,,VG,RUBENS,Belgium
5397,Wayraper,,7W,WAYRAPER,Peru
5399,WebJet Linhas A,,WJ,WEB-BRASIL,Brazil
5401,Welcome Air,,2W,WELCOMEAIR,Austria
5411,West Coast Air,,8O,,Canada
5416,WestJet,,WS,WESTJET,Canada
5424,Western Airlines,,WA,WESTERN,United States
5439,Widerøe,,WF,WIDEROE,Norway
5447,Wind Jet,,IV,GHIBLI,Italy
5451,Wings Air,,IW,WINGS ABADI,Indonesia
5461,Wizz Air,,W6,WIZZ AIR,Hungary
5462,Wizz Air Hungary,,8Z,WIZZBUL,Bulgaria
5465,World Airways,,WO,WORLD,United States
5479,XL Airways France,,SE,STARWAY,France
5484,Xiamen Airlines,,MF,XIAMEN AIR,China
5492,Yamal Airlines,,YL,YAMAL,Russia
5496,Yemenia,,IY,YEMENI,Yemen
5501,Yuzhmashavia,,UMK,YUZMASH,Ukraine
5510,Zanair,,TAN,ZANAIR,Tanzania
5523,Zoom Airlines,,Z4,ZOOM,Canada
5533,Tyrolean Airways,,TYR,TYROLEAN,
5559,Maldivian Air Taxi,,8Q,,Maldives
5584,Sky Express,SkyExpress,XW,SKYSTORM,Russia
5651,Royal Air Cambodge,,VJ,,Cambodia
5813,Air Mandalay,,6T,Six Tango,Burma
5982,Air Busan,,BX,Air Busan,Republic of Korea
6196,Globus,,GH,,Russia
6222,Air Kazakhstan,,9Y,Kazakh,Kazakhstan
6557,Japan Air System,,JD,Air System,Japan
6855,EasyJet (DS),,DS,,Switzerland
8359,Star Peru (2I),,2I,,Peru
8461,Carnival Air Lines,,KW,Carnival Air,United States
8463,United Airways,,4H,UNITED BANGLADESH,Bangladesh
8576,Fly540,,5H,SWIFT TANGO,Kenya
8745,Transavia France,,TO,FRENCH SUN,France
8809,Island Air (WP),,WP,,United States
9082,Uni Air,,B7,Glory,Taiwan
9135,Gomelavia,,YD,,Belarus
9239,Red Wings,Avialinii 400,WZ,AIR RED,Russia
9335,TUIfly (X3),,11,,Germany
9343,Felix Airways,,FU,,Yemen
9344,Kostromskie avialinii,,K1,,Russia
9373,Greenfly,,XX,,Spain
9531,Tajik Air,,7J,,Tajikistan
9541,Air Mozambique,,TM,,Mozambique
9577,ELK Airways,,--,,Estonia
9620,Gabon Airlines,,GY,GABON AIRLINES,Gabon
9626,MCA Airlines,,MCA,CALSON,Sweden
9656,Maldivo Airlines,,ML,Maldivo,Maldives
9666,Virgin Pacific,,VH,,Fiji
9764,Zest Air,,Z2,,Philippines
9784,Yangon Airways,,HK,Hotel Kilo,Burma
9809,Eastar Jet,,ZE,Eastar,South Korea
9810,Jin Air,,LJ,Jin Air,South Korea
9811,Wataniya Airways,,KW1,,Kuwait
9818,Air Arabia Maroc,,3O,Air Arabia,Morocco
9825,Baltic Air lines,,B1,Baltic,Latvia
9828,Ciel Canadien,,YC,Ciel,Canada
9829,Canadian National Airways,,CN,CaNational,Canada
9833,Epic Holiday,Epic Holidays,FA,Epic,United States
9838,Indochina Airlines,,AXC,Airspup,Vietnam
9851,Air Comet Chile,,3I,,Chile
9859,German Air Force - FLB,,FLB,FLB,Germany
10114,Line Blue,,L8,Bluebird,Germany
10117,FlyLAL Charters,,LLC,,Lithuania
10122,Salzburg arrows,SZA,SZ,SZA,Austria
10123,Texas Wings,,TQ,TXW,United States
10128,Dennis Sky,Dennis Sky Holding,DH,DSY,Israel
10224,Zz,,ZZ,,Belgium
10226,Atifly,,A1,atifly,United States
10371,Aerolineas heredas santa maria,,SZB,,Dominican Republic
10372,Ciao Air,,99,,Italy
10642,Jc royal.britannica,,JRB,,United Kingdom
10650,Pal airlines,,5P,,Chile
10673,CanXpress,,C1,CAX,Canada
10674,Danube Wings (V5),,V5,,Slovakia
10675,Sharp Airlines,,SH,SHARP,Australia
10683,CanXplorer,,C2,,Canada
10715,Click (Mexicana),,QA,,Mexico
10735,World Experience Airline,WEA,W1,WEA,Canada
10737,ALAK,,J4,,Russia
10739,Air Choice One,,3E,,United States
10740,Tianjin Airlines,,GCR,,China
10741,China United,,KN,,China
10748,Locair,,ZQ,LOCAIR,United States
10758,Safi Airlines,,4Q,,Afghanistan
10765,SeaPort Airlines,,K5,SASQUATCH,United States
10776,Salmon Air,,S6,,United States
10798,Bobb Air Freight,,01,,Germany
10800,Star1 Airlines,,V9,,Lithuania
10845,Pelita,,6D,,Indonesia
10912,Alaska Seaplane Service,,J5,,United States
10945,Enerjet,,ENJ,ENERJET AIR,Canada
10955,MexicanaLink,,I6,LINK,Mexico
10960,Island Spirit,,IP,,Iceland
10969,TACA Peru,,T0,TACA PERU,Peru
11700,Orbest,,OBS,ORBEST,Portugal
11719,Southern Air Charter,,SOA,,Bahamas
11724,SVG Air,,SVG,Grenadines,Saint Vincent and the Grenadines
11726,Air Century,,CEY,,Dominican Republic
11731,Pan Am World Airways Dominicana,PAWA Dominicana,7Q,PAWA,Dominican Republic
11732,Primera Air,,PF,PRIMERA,Iceland
11741,Air Antilles Express,,3S,GREEN BIRD,Guadeloupe
11751,Sol Lineas Aereas,,OLS,FLIGHT SOL,Argentina
11755,Regional Paraguaya,,P7,REGIOPAR,Paraguay
11761,VIP Ecuador,,V6,,Ecuador
11762,Transportes Aereos Cielos Andinos,,NDN,ANDINOS,Peru
11763,Peruvian Airlines,,P9,,Peru
11765,EasyFly,,EFY,EASYFLY,Colombia
11767,Polar Airlines,,ЯП,,Russia
11794,Catovair,,OC,CATOVAIR,Mauritius
11795,Andalus Lineas Aereas,,ANU,Andalus,Spain
11798,Air 26,,DCD,DUCARD,Angola
11800,Mauritania Airways,,MTW,MAURITANIA AIRWAYS,Mauritania
11802,CEIBA Intercontinental,,CEL,CEIBA LINE,Equatorial Guinea
11804,Halcyonair,,7Z,CREOLE,Cape Verde
11805,Business Aviation,,4P,AFRICAN BUSINESS,Congo (Kinshasa)
11806,Compagnie Africaine d\\'Aviation,,E9,AFRICOMPANY,Congo (Kinshasa)
11808,Zambia Skyways,,K8,ZAMBIA SKIES,Zambia
11811,AlMasria Universal Airlines,,UJ,ALMASRIA,Egypt
11813,EgyptAir Express,,MSE,EGYPTAIR EXPRESS,Egypt
11814,SmartLynx Airlines,,6Y,,Latvia
11815,Air Italy Egypt,,EUD,,Egypt
11816,KoralBlue Airlines,,K7,KORAL BLUE,Egypt
11820,Wind Rose Aviation,,WRC,WIND ROSE,Ukraine
11823,Elysian Airlines,,E4,,Cameroon
11833,Sevenair,,SEN,SEVENAIR,Tunisia
11834,Hellenic Imperial Airways,,HT,IMPERIAL,Greece
11836,Amsterdam Airlines,,WD,AMSTEL,Netherlands
11838,Arik Niger,,Q9,,Niger
11839,Dana Air,,DA,DANACO,Nigeria
11840,STP Airways,,8F,SAOTOME AIRWAYS,Sao Tome and Principe
11843,Med Airways,,7Y,FLYING CARPET,Lebanon
11850,Skyjet Airlines,,UQ,SKYJET,Uganda
11855,Air Volga,,G6,GOUMRAK,Russia
11856,Transavia Denmark,,TDK,,Denmark
11857,Royal Falcon,,RL,,Jordan
11873,Euroline,,4L,GEO-LINE,Georgia
11943,Turkuaz Airlines,,TRK,TURKU,Turkey
11947,Athens Airways,,ZF,ATHENSAIR,Greece
11948,Viking Hellas,,VQ,DELPHI,Greece
11949,Norlandair,,FNA,NORLAND,Iceland
11950,Flugfelag Vestmannaeyja,,FVM,ELEGANT,Iceland
11963,Starline.kz,,DZ,ALUNK,Kazakhstan
12960,Lugansk Airlines,,L7,ENTERPRISE LUHANSK,Ukraine
12961,Gryphon Airlines,,6P,,United States
12962,Gadair European Airlines,,GP,GADAIR,Spain
12965,Spirit of Manila Airlines,,SM,MANILA SKY,Philippines
12975,Chongqing Airlines,,OQ,CHONG QING,China
12976,Grand China Air,,GDC,GRAND CHINA,China
12978,West Air China,,PN,WEST CHINA,China
12997,QatXpress,qatXpress,C3,,Qatar
13076,OneChina,OneChina,1C,,China
13088,NordStar Airlines,,Y7,,Russia
13089,Joy Air,,JR,JOY AIR,China
13105,Air India Regional,,CD,ALLIED,India
13106,MDLR Airlines,,9H,MDLR,India
13107,Jagson Airlines,,JGN,JAGSON,India
13108,Maldivian,,Q2,ISLAND AVIATION,Maldives
13130,Xpressair,,XN,,Indonesia
13178,Strategic Airlines,,VC,,Australia
13181,Fars Air Qeshm,,QFZ,FARS AIR,Iran
13187,Eastok Avia,,EAA,,Kyrgyzstan
13188,Jupiter Airlines,,JPU,JUPITERAIR,United Arab Emirates
13189,Vision Air International,,VIS,,Pakistan
13190,Al-Naser Airlines,,,,Iraq
13200,Fuji Dream Airlines,,JH,FUJI DREAM,Japan
13202,Korea Express Air,,KEA,,South Korea
13209,Eznis Airways,,EZA,EZNIS,Mongolia
13211,Pacific Flier,,PFL,KOROR,Palau
13217,Syrian Pearl Airlines,,PSB,,Syria
13218,SGA Airlines,,5E,SIAM,Thailand
13242,Air2there,,F8,,New Zealand
13254,Avianova (Russia),,AO,Nova,Russia
13303,Parmiss Airlines (IPV),,PA,IPV,Iran
13304,EuropeSky,,ES,EuropeSky,Germany
13306,BRAZIL AIR,BRAZIL AIR,GB,BRAZIL AIR,Brazil
13335,Homer Air,Homer Sky,MR,,Germany
13391,U.S. Air,,-+,,United States
13394,Jayrow,,\\',,Australia
13397,Wilderness Air,,;;,,Australia
13398,Whitaker Air,,^^,,Australia
13633,PanAm World Airways,,WQ,,United States
13690,Virginwings,,YY,,Germany
13704,KSY,Kreta Sky,KY,KSY,Greece
13732,Buquebus Líneas Aéreas,,BQ,,Uruguay
13734,SOCHI AIR,SOCHI,CQ,SLOW FROG,Russia
13757,Wizz Air Ukraine,,WU,WIZZAIR UKRAINE,Ukraine
13781,88,,47,,Cyprus
13815,LCM AIRLINES,,LQ,,Russia
13899,Cambodia Angkor Air (K6),,K6,,Cambodia
13936,Royal European Airlines,,69,,United Kingdom
13947,Tom\\'s & co airliners,Tom\\'s air,&T,T&,France
13983,Azul,Azul Linhas Aéreas Brasileiras,AD,,Brazil
14061,LSM Airlines,slowbird,PQ,slowbird,Russia
14069,Zapolyarie Airlines,Zapolyarye Airlines,PZY,,Russia
14073,Finlandian,,FN1,,Finland
14094,LionXpress,lionXpress,C4,LIX,Cameroon
14118,Genesis,,GK,,Pakistan
14388,Congo Express,,XZ,EXPRESSWAYS,Congo (Kinshasa)
14485,Fly Dubai,,FZ,,United Arab Emirates
14620,Domenican Airlines,Domenican,D1,Domenican,Dominican Republic
14679,ConneX European Airline,,2CO,ConneX,Austria
14849,Aereonautica militare,,JY,,Italy
14858,Kal Star Aviation,,KLS,,Indonesia
14881,LSM AIRLINES ,Russian. Yours Air Lines ,YZ,Moscow frog ,Russia
15814,UTair-Express,,UR,,Russia
15837,Huaxia,HUAXIA,G5,,China
15867,Zabaykalskii Airlines,Baikal Airlines,ZP,Lakeair,Russia
15887,CBM America,,XBM,AIRMAX,United States
15893,Marysya Airlines,MARYSYA AIRLINES,M4,MARSHAK AIR,Russia
15897,N1,,N1,,Peru
15930,Airlink (SAA),,4Z,,South Africa
15939,Westfalia Express VA,,WFX,,Germany
15953,JobAir,,3B,,Czech Republic
15975,Black Stallion Airways,,BZ,Stallion,United States
15984,German International Air Lines,Germanair,GM,,Germany
15985,TrasBrasil,,TB,,Brazil
15989,TransBrasil Airlines,,TH,,Brazil
15999,China SSS,Chunqiu Airlines,9C,,China
16084,AIR INDOCHINE,,IIA,,Vietnam
16100,Happy Air,,HPY,,Thailand
16101,Solar Air,,SRB,Solar Air,Thailand
16103,Air Mekong,,P8,Air Mekong,Vietnam
16110,Harbour Air (Priv),,H3,,Canada
16116,Air Hamburg (AHO),,HH,Air Hamburg,Germany
16120,ZABAIKAL AIRLINES,ZABAIKAL ,Z6,BAIKAL ,Russia
16127,TransHolding,Trans,TI,,Brazil
16130,SUR Lineas Aereas,,SZZ,,Argentina
16131,Aerolineas Africanas,,AA1,,Guinea
16133,Yeti Airways,,YT,,Nepal
16135,Yellowstone Club Private Shuttle,,Y1,YCS,United States
16136,Caucasus Airlines,,NS,,Georgia
16139,Serbian Airlines,,S1,,Serbia
16149,Windward Islands Airways,,WM,Winair,Netherlands Antilles
16150,TransHolding System,,YO,,Brazil
16151,CCML Airlines,,CB,,Colombia
16198,Small Planet Airlines,,ELC,,Lithuania
16234,Fly Brasil,Fly Brasil,F1,FBL,Brazil
16261,CB Airways UK ( Interliging Flights ),,1F,,United Kingdom
16262,Fly Colombia ( Interliging Flights ),,3F,,Colombia
16264,Trans Pas Air,,T6,,United States
16273,KMV,,МИ,Air Minvody,Russia
16323,Himalayan Airlines,Himalaya,HC,Himalayan,Nepal
16327,Indya Airline Group,Indya1,G1,Indya1,India
16329,Sunwing,,WG,sunwing,Canada
16358,Turkish Wings Domestic,,TWD,TWD,Turkey
16359,Japan Regio,,ZX,,Japan
16362,OCEAN AIR CARGO,,IXO,,India
16363,Norte Lineas Aereas,NORTE,N0,,Argentina
16364,Austral Brasil,Austral Brasil lineas aereas,W7,,Brazil
16373,PEGASUS AIRLINES-,,H9,,Turkey
16409,Nihon.jet connect,,NX1,,Kyrgyzstan
16415,Camair-co,,QC,,Cameroon
16459,Sky Regional,Air Canada Express,RS,Sky Regional,Canada
16507,LSM International ,Moskva-air,II,moose,Russia
16508,Baikotovitchestrian Airlines ,,BU,,American Samoa
16511,Luchsh Airlines ,Air luch,L4,russian sky,Russia
16556,ENTERair,,QQQ,,Poland
16585,Air Cargo Germany,,6U,Loadmaster,Germany
16615,Mongolian International Air Lines ,Mongol Air ,7M,Mongol_AIr ,Mongolia
16624,Tway Airlines,,TW,TWAY AIR,South Korea
16625,Papillon Grand Canyon Helicopters,,HI,,United States
16628,Jusur airways,,JX,,Egypt
16645,NEXT Brasil,NEXT,XB,XB,Brazil
16660,AeroWorld ,Sovet Air ,W4,sovet,Russia
16695,GNB Linhas Aereas,,GN,,Brazil
16702,Usa Sky Cargo,USky,E1,USKY,United States
16707,Hankook Airline,,HN,HNX,South Korea
16717,REDjet,,Z7,,Barbados
16720,Red Jet Andes,,PT,,Peru
16721,Red Jet Canada,,QY,,Canada
16723,Sprintair,,SRN,,Poland
16724,Red Jet Mexico,,4X,,Mexico
16725,Marusya Airways,Marusya Air,Y8,snowball,Russia
16726,Era Alaska,,7H,ERAH,United States
16728,AirRussia,RussianConector,R8,russiancloud,Russia
16735,Hankook Air US,,H1,,United States
16794,Carpatair Flight Training,,SMW,Smartwings,Romania
16796,I-Fly,,H5,RUSSIAN SKY,Russia
16826,Whitejets,,WTJ,WHITEJET,Brazil
16837,VickJet,,KT,Vickjet,France
16844,BVI Airways,,XV,,British Virgin Islands
16858,Hamburg Airways,,HAY,,Germany
16860,Salsa d\\'Haiti,,SO,SALSA,Haiti
16867,Zambezi Airlines (ZMA),,ZJ,,Zambia
16868,Kan Air,,KND,Kan Air,Thailand
16881,Air Cudlua,Air Cudlua,CUD,Cudlua,United Kingdom
16882,Polet Airlines (Priv),,YQ,,Russia
16895,Air Explore,,AXE,,Slovakia
16901,12 North,,12,12N,India
16919,Holidays Czech Airlines,,HCC,,Czech Republic
16921,Comtel Air,,COE,,Austria
16926,Mint Airways,,MIC,,Spain
16932,Orbit Airlines,Orbit,OBT,Orbit,United States
16939,Air Bucharest,,BUR,,Romania
16940,AlbaStar,,LAV,,Spain
16942,Mauritania Airlines International,,L6,,Mauritania
16956,MAT Airways,,6F,,Macedonia
16960,Asian Wings Airways,,AW,Asian Star,Burma
16963,Air Arabia Egypt,,E5,,Egypt
16967,Eagles Airlines,,EGS,EAGLES,Italy
16973,YES Airways,,YEP,,Poland
16975,Alitalia Cityliner,,CT,,Italy
16983,Direct Aero Services,,DSV,,Romania
16985,Medallion Air,,MDP,MEDALS,Romania
17022,Orchid Airlines,,OI,,Australia
17023,Asia Wings,,Y5,,Kazakhstan
17026,Georgian International Airlines,,GNN,GEO-LINE,Georgia
17027,Air Batumi,,BTM,,Georgia
17082,Skywest Australia,,XR,,Australia
17083,Nile Air,,NP,NILEBIRD,Egypt
17086,Feeder Airlines,,FDD,,Sudan
17094,Senegal Airlines,,DN,,Senegal
17095,Fly 6ix,,6I,,Sierra Leone
17099,Starbow Airlines,,S9,,Ghana
17115,Copenhagen Express,,0X,Copex,Denmark
17408,BusinessAir,,8B,,Thailand
17519,SENIC AIRLINES,,YR,,United States
17563,XOJET,,XOJ,,United States
17571,Sky Wing Pacific,,C7,,South Korea
17572,Bateleur Air,,BEU,,South Africa
17574,Air Indus,Indus Airlines Pak,PP,AIPL,Pakistan
17628,Orbit International Airlines,,OAI,OA,United States
17629,Orbit Regional Airlines,,OAR,OA,United States
17630,Orbit Atlantic Airways,,OAN,,United States
17658,Volotea,,VOO,Volotea,Spain
17675,Peach Aviation,,MM,Air Peach,Japan
17694,Helitt Líneas Aéreas,,HTH,,Spain
17695,Russia State Transport,Federal State Budget Inst,RSD,STATE AERO,Russia
17726,Malaysia Wings,,MWI,MWI,Malaysia
17750,Aviabus,,U1,,Russia
17780,Michael Airlines,Javi,DF,MJG,Puerto Rico
17786,Korongo Airlines,,ZC,KORONGO,Congo (Kinshasa)
17794,Indonesia Sky,,I5,,Indonesia
17841,Aws express,,B0,aws,United States
17859,Southjet,,76,,United States
17860,Southjet connect,,77,,United States
17862,Southjet cargo,,78,,United States
17881,Iberia Express,,I2,,Spain
17885,Interjet (ABC Aerolineas),,4O,INTERJET,Mexico
17889,AirOnix,,OG,,Ukraine
17890,Nordic Global Airlines,,NJ,Nordic Global,Finland
17891,Scoot,,TZ,,Singapore
17909,Hi Fly (5K),,5K,,Portugal
17911,China Northwest Airlines (WH),,WH,,China
17935,Zenith International Airline,Zenith,ZN,ZENITH,Thailand
17936,Orbit Airlines Azerbaijan,Orbit Azerbaijan,O1,Orbitaz,Azerbaijan
17989,Air Alps Aviation (A6),,A6,ALPAV,Austria
18076,Flying kangaroo Airline,Skippy,FKA,Skippy,Australia
18083,RusJet,,RSJ,,Russia
18118,VietJet Air,VietJet,VJC,VIETJETAIR,Vietnam
18169,Patriot Airways,,P4,,United States
18178,Vision Airlines (V2),,V2,RUBY,United States
18232,BQB Lineas Aereas,Buquebus,5Q,,Uruguay
18237,AirAsia Japan,,WAJ,WING ASIA,Japan
18239,Yellowtail,,YE,,United States
18241,Royal Airways,Royal Inc.,KG,RAW,United States
18252,FlyHigh Airlines Ireland (FH),,FH,FLYHIRELAND,Ireland
18257,Executive AirShare,,XSR,,United States
18475,Hebei Airlines,,HBH,Hebei Air,China
18476,Air KBZ,,KBZ,Air KBZ,Burma
18477,Aero VIP (2D),,2D,,Portugal
18497,Yangon Airways Ltd.,,YH,,Burma
18529,T.J. Air,,TJ,T.J. Air,United States
18543,SkyWork Airlines ,,SX,SKYFOX,Switzerland
18553,Maastricht Airlines,,W2,,Netherlands
18617,Euro Jet,,24,,Germany
18621,Ukraine Atlantic,,UAT,,Ukraine
18668,Nesma Airlines,,NMA,Nesma Airlines,Egypt
18672,East Horizon,,EHN,EAST HORIZON,Afghanistan
18676,Air Majoro,,MJP,Air Majoro,Peru
18692,Rotana Jet,,RJD,ROTANA,United Arab Emirates
18700,SOCHI AIR CHATER,Sochi Air ,Q3,russian doll,Russia
18702,Denim Air ,FlyNonstop,J7,DNM,Norway
18732,Malindo Air,,OD,Malindo,Malaysia
18781,Hermes Airlines,,HRM,HERMES,Greece
18825,Flightlink Tanzania,Flightlink,Z9,,Tanzania
18828,IzAvia,,I8,,Russia
18860,Катэкавиа,,КТК,,Russia
18863,Псковавиа,Псков Авиа,PKV,,Russia
18930,Maryland Air,Maryland,M1,Maryland Flight,United States
18944,Insel Air (7I/INC) (Priv),,7I,,Netherlands Antilles
18946,VivaColombia,,5Z,,Colombia
18952,Flybe Finland Oy,,FCM,FINNCOMM,Finland
18959,Bingo Airways,Bingo,BGY,,Poland
19007,Bluebird Airways (BZ),,BBG,,Greece
19016,Apache Air,Apache,ZM,APACHE,United States
19026,MHS Aviation GmbH,,M2,,Germany
19030,Jettor Airlines,Jettor,NR,JETHAPPY,Hong Kong
19215,Flyme (VP),,VQI,,Maldives
19225,Thai Lion Air,,SL,,Thailand
19244,Golden Myanmar Airlines,,GMR,Golden Myanmar,Burma
19276,Canaryfly,,CNF,,Spain
19280,Sunrise Airways,,KSZ,,Haiti
19287,National Air Cargo,,N8,,United States
19290,Eastern Atlantic Virtual Airlines,,13,EAVA,United States
19305,Citilink Indonesia,,QG,SUPERGREEN,Indonesia
19337,Transair,,TTZ,,Canada
19350,Comfort Express Virtual Charters Albany,,EVC,Comfort Express,United States
19351,Comfort Express Virtual Charters,,CEO,,United States
19359,FLYJET,,FYJ,Fast Jet,Poland
19361,Snowbird Airlines,,S8,,Finland
19363,Russkie Krylya,,KRY,,Russia
19367,Kharkiv Airlines,,KH,,Ukraine
19433,XAIR USA,,XA,XAIR,United States
19451,Air Costa,,LB,,India
19459,Simrik Airlines,,RMK,,Nepal
19473,XPTO,XPTO  ,XP,XPTO,Portugal
19474,Royal Flight,,DME,,Russia
19525,BBN-Airways,BlackBurn,EGH,BBN,United Kingdom
19531,Tomsk-Avia,,TKS,,Russia
19541,Malawian Airlines,,3W,,Malawi
19548,Yeti Airlines ,,NYT,,Nepal
19567,Avilu,Avilu' SA,..,,Switzerland
19582,Air Serbia,,JU,AIR SERBIA,Serbia
19599,Skyline Ulasim Ticaret A.S.,Skyline Ulasim Ticaret A.S.,KCU,Kocoglu,Turkey
19610,Air Lituanica,Air Lituanica,LT,LITUANICA,Lithuania
19619,Envoy Air,,ENY,Envoy,United States
19651,CARICOM AIRWAYS (BARBADOS) INC.,CARICOM AIRWAYS,CCB,,Barbados
19674,Rainbow Air (RAI),Rainbow Air (RAI),RN,Rainbow,United States
19675,Rainbow Air Canada,Rainbow Air CAN,RY,Rainbow CAN,Canada
19676,Rainbow Air Polynesia,Rainbow Air POL,RX,Rainbow Air,United States
19677,Rainbow Air Euro,Rainbow Air EU,RU,Rainbow Air,United Kingdom
19678,Rainbow Air US,Rainbow Air US,RM,Rainbow Air,United States
19745,Transilvania,,TNS,,Romania
19751,Dobrolet,Добролёт,QD,DOBROLET,Russia
19774,Spike Airlines,Aero Spike,S0,Spike Air,United States
19776,Grand Cru Airlines,,GCA,,Lithuania
19785,Go2Sky,,RLX,RELAX,Slovakia
19803,All Argentina,All Argentina,L1,,Argentina
19804,All America,All America,A2,,United States
19805,All Asia,All Asia,L9,,China
19806,All Africa,All Africa,9A,,South Africa
19807,Regionalia México,Regionalia México,N4,,Mexico
19808,All Europe,All Europe,N9,,United Kingdom
19809,All Spain,All Spain,N7,,Spain
19810,Regional Air Iceland,Regional Air Iceland,9N,,Iceland
19812,Voestar,Voestar Brasil,8K,,Brazil
19813,All Colombia,All Colombia,7O,,Colombia
19814,Regionalia Uruguay,Regionalia Uruguay,2X,,Uruguay
19815,Regionalia Venezuela,Regionalia Venezuela,9X,,Venezuela
19827,Regionalia Chile,Regionalia Chile,9J,,Chile
19828,Vuela Cuba,Vuela Cuba,6C,,Cuba
19830,All Australia,All Australia,88,,Australia
19831,Fly Europa,,ER,,Spain
19834,FlyPortugal,,PO,FlyPortugal,Portugal
19886,Spring Airlines Japan,,IJ,,Japan
19890,Dense Airways,,KP,DENSE,United States
19891,Dense Connection,,KZ,DC2,United States
19908,Vuola Italia,Vuola Italia,4S,,Italy
19917,Jet Suite,,RSP,Red Stripe,United States
19923,Fly Jamaica Airways,,FJM,Greenheart,Jamaica
19927,Island Express Air,,1X,Abby Air,Canada
19928,All Argentina Express,All Argentina Express,Z0,,Argentina
19930,Thai Smile Airways,THAI Smile,WE,THAI SMILE,Thailand
19944,International AirLink,,I4,,Jamaica
19963,Real Tonga,,RT,,Tonga
19970,All America AR,All America Argentina,2R,,Argentina
19971,All America CL,All America Chile,1R,,Chile
19974,SOCHI AIR EXPRESS,ADLER EXPRESS,Q4,ADLER EXPRESS,Russia
19977,All America BR,All America Brasil,1Y,,Brazil
20004,Volotea Costa Rica,Volotea Costa Rica,9V,,Costa Rica
20017,Fly Romania,,X5,TENDER AIR,Romania
20047,Eagle Atlantic Airlines,,E2,,Ghana
20051,Fly Africa Zimbabwe,Zimbabwe flyafrica.com,FZW,Fresh Express,Zimbabwe
20060,San Dima Air,(Cyber Airlines) Not Real,SDI,FAREFLIGHT,United States
20073,All America CO,All America Colombia,0Y,,Colombia
20074,All America MX,All America México,0M,,Mexico
20110,FOX Linhas Aereas,,FX,,Brazil
20127,Air Kenya (Priv),,QP,,Kenya
20144,Via Conectia Airlines,Via Conectia,6V,,Uruguay
20155,Hebradran Air Services,,HBR,Hebradran,United Kingdom
20158,Pobeda,,PBD,POBEDA,Russia
20160,City Airways,,E8,CITY AIR,Thailand
20170,Norwegian Long Haul AS,,DU,NORSTAR,Norway
20186,BA101,,710,,United Kingdom
20207,TransNusa Air,,M8,TRANSNUSA,Indonesia
20218,Tomp Airlines,Tomp Airlines,ZT,,Chile
20220,Fuzhou Airlines,,FZA,,China
20221,Sky Angkor Airlines (ZA),,SWM,SKY ANGKOR,Cambodia
20222,OneJet,,J1,,United States
20224,Global Airlines,Global Airlines,0G,,Argentina
20225,Mann Yadanarpon Airlines,,MYP,MANN ROYAL,Burma
20264,Air Vistara,Tata SIA Airlines,UK,,India
20268,TransRussiaAirlines,TransRus,1E,,Russia
20270,Severstal Air Company,,D2,,Russia
20282,REXAIR VIRTUEL,,RR,Rexair,France
20285,WestJet Encore,Encore,WR,Encore,Canada
20286,Air Pegasus,,OP,,India
20288,International Europe,International,9I,,Spain
20293,Sky Regional Airlines,,SKV,Maple,Canada
20401,V Air,V Air Taiwan,ZV,,Taiwan
20415,Cello Aviation,,CLJ,CELLOJET,United Kingdom
20478,Pouya Air,,PYA,,Iran
20565,Boutique Air (Priv),,4B,,United States
20566,FlyEgypt,FlyEgypt,FEG,,Egypt
20577,VOLOTEA Airways,,V7,,Spain
20599,INAVIA Internacional,Internacional,Z5,,Argentina
20607,Liberty Airways,,LE,,United States
20608,Аэросервис,,АЯ,,Russia
20653,Aeronautica Militare,,IAM,Italian Airforce,Italy
20657,Bassaka airlines,,5B,5B,Cambodia
20675,Jetstar Japan ,,JJP,ORANGE LINER,Japan
20686,SkyBahamas Airlines,,Q7,TROPICAL SKY,Bahamas
20695,UVT Aero,,UW,,Russia
20698,First Flying,,DAK,,Japan
20710,Silver Airways (3M),,3M,Silver Wings,United States
20716,AtlasGlobal Ukraine,,UJX,Atlas Ukraine,Ukraine
20725,Boliviana de Aviacion (OB),BoA,BOV,BOLIVIANA,Bolivia
20726,US-Bangla Airlines,,UBG,,Bangladesh
20729,Norwegian Air International (D8),,IBK,NORTRANS,Norway
20752,ATA Airlines (Iran),هواپیمایی آتا,I3,ATALAR,Iran
20769,VIA Líneas Aéreas,VIA,V1,,Argentina
20802,GermanXL,,GX,,Germany
20808,Alghanim,,KYA,,United States
20824,Indonesa Air Aisa X,,IDX,Red Phoenix,Indonesia
20827,Fly France,Fly France,FF,,France
20875,Jota Aviation,,ENZ,ENZO,United Kingdom
20881,Europe Jet,Europe Jet,EX,,France
20923,COBALT,COBALT,FCB,COBALT,Cyprus
20931,Southern Airways Express,Sun Air Express,LTD,LIGHTSPEED,United States
20962,Orenburzhie,,ORG,,Russia
20976,World Scale Airlines,World Scale,W3,,United States
20978,All America US,All America US,AG,,United States
20986,University of Birmingham Air Squadron (RAF),8AEF RAF,UAY,UAY,United Kingdom
20991,Choice Airways,,CSX,,United States
20994,Aruba Airlines,,ARU,,Aruba
20995,BudgetAir,BudgetAir,1K,,Germany
20996,Dynamic Airways,,DYA,,United States
21012,Fly One,Fly One,F5,,Moldova
21021,Nordica,,EE,REVAL,Estonia
21036,Tez Jet Airlines,,TEZ,,Kyrgyzstan
21043,Kush Air,,KUH,,South Sudan
21124,ViaAir,Charter Air Transport,SRY,Stingray,United States
21131,All America BOPY,All America BOPY,0P,BOPY,Paraguay
21179,Thai Vietjet Air,,TVJ,THAIVIET JET,Thailand
21248,GX Airlines,,CBG,SPRAY,China
21268,Jetgo Australia,,JG,,Australia
21270,Air Carnival,,2S,,India
21317,Svyaz Rossiya,Russian Commuter ,7R,RussianConnecty,Russia
